spectrum_id,sequence,spectral_logprob,gate_confidence
0,GFETPTINELSYR,-inf,1.0
1,GPTLTEILEGLK,-inf,1.0
2,DLSVPQANAVK,-inf,1.0
3,NEAPLGIVYGSDAVASK,-inf,1.0
4,TSHITVVVSDR,-inf,1.0
5,GVSADQISIVSQGASTVVDK,-inf,1.0
6,LALPPDQAAEK,-inf,1.0
7,TGQAVELFNQLPQELNDAQR,-inf,1.0
8,ADSVASATEDGSELASR,-inf,1.0
9,LVNELVQYDK,-inf,1.0
10,NIEFFEAR,-inf,1.0
11,VMILDSGDPNGPLSR,-inf,1.0
12,IQNVVTPVAK,-inf,1.0
13,SSFNNINASISSINAYK,-inf,1.0
14,EGTDLFLK,-inf,1.0
15,NGNPSGEGFTSGVTNNGR,-inf,1.0
16,VAIANVLKK,-inf,1.0
17,IEGVPESNISE,-inf,1.0
18,WSDGTPVTAQDFVYSWQR,-inf,1.0
19,LGLMAGYQESR,-inf,1.0
20,YFATGAATPGAANADATFK,-inf,1.0
21,LQELGATRR,-inf,1.0
22,VILAGEVTTPVTVR,-inf,1.0
23,ASTTMDVQSAADDTGLPMLVVR,-inf,1.0
24,KVPQVSTPTLVEVSR,-inf,1.0
25,IPDELVQSTAPQPK,-inf,1.0
26,FGSELLAK,-inf,1.0
27,QNNMTLDQMR,-inf,1.0
28,FLLQEVLEK,-inf,1.0
29,SMLDFVRIK,-inf,1.0
30,LANELSDAAENK,-inf,1.0
31,VYVEGAWNR,-inf,1.0
32,VLALDMGALVAGAK,-inf,1.0
33,AALTAEVNTGNQK,-inf,1.0
34,GESAPTTAFGAAVVGGDNGR,-inf,1.0
35,DALPLMENAYR,-inf,1.0
36,ALIAQEPLLGAK,-inf,1.0
37,GTCQTYILGQR,-inf,1.0
38,VNLAAAEGQVVKK,-inf,1.0
39,SFVAVHNQPGGYVGQQAR,-inf,1.0
40,TGQSDILTEDVGRP,-inf,1.0
41,GASGYLPEHTLPAK,-inf,1.0
42,AEYTPHVDTGDYIIVLNADK,-inf,1.0
43,DTNATAQGSVAESNATGNPVNLLDGK,-inf,1.0
44,NLSLLQAQR,-inf,1.0
45,SLADAIGMTAGGVQTQGGMK,-inf,1.0
46,STVLAPTTVVTR,-inf,1.0
47,ATLKPEGQAALDQLYSQLSNLDPK,-inf,1.0
48,LYFEGELIDAATNKPVIK,-inf,1.0
49,TIVDQELLPYVQVK,-inf,1.0
50,WQSTSVNDVLR,-inf,1.0
51,VVALGLVNR,-inf,1.0
52,RVEIEVK,-inf,1.0
53,GVGEDISDGGNAISGAATK,-inf,1.0
54,GIDISAPR,-inf,1.0
55,QILLQIDSLSSGGAAAQSTSGDQSGAAAST,-inf,1.0
56,IISLAPEVL,-inf,1.0
57,LENEIQTYR,-inf,1.0
58,EGLADMVNAEVLADQIK,-inf,1.0
59,LPSDAGSNITYR,-inf,1.0
60,VQFIDEPVK,-inf,1.0
61,VNLVAATGQQVVK,-inf,1.0
62,VTTENGEVFLMVLVTER,-inf,1.0
63,LATLPTYEEAIAR,-inf,1.0
64,ALDAIIASVTESLK,-inf,1.0
65,ADIDYNTSEAHTTYGVIGVK,-inf,1.0
66,TQFTGDTASLLVENGR,-inf,1.0
67,TINDYGALTPK,-inf,1.0
68,QVQGFEINGNTGSLTANPDCVINR,-inf,1.0
69,EEPSSFASYGTWAR,-inf,1.0
70,SWTGLISTGITYK,-inf,1.0
71,IVDEQPGAECQLIGTATGK,-inf,1.0
72,ADSVASALITQGVDASR,-inf,1.0
73,GPLYFPPADK,-inf,1.0
74,GEGFQQAVAAHK,-inf,1.0
75,VANLEAQLAEAQTR,-inf,1.0
76,LMEVIQAIR,-inf,1.0
77,AAADVQLR,-inf,1.0
78,LQMQQLQQNNIVYFDLDK,-inf,1.0
79,VTSEADVGLGIPGSER,-inf,1.0
80,DGSVVVLGYTDR,-inf,1.0
81,YTNGGLTVTPGIGVQWNSENQNEYYYGVSR,-inf,1.0
82,IGHTVER,-inf,1.0
83,TTTSNGHNPFR,-inf,1.0
84,SVANSQDIDLVVDANAVAYNSSDVK,-inf,1.0
85,TIVSDGKPQTDNDTGMISYK,-inf,1.0
86,EPQGFVADATINTPNGVLVASGK,-inf,1.0
87,YGYNNIVDLEITEQFLNAAK,-inf,1.0
88,VNYGVTVLPTFK,-inf,1.0
89,GGWTVIQNR,-inf,1.0
90,LTGLEGEQLGIVSLR,-inf,1.0
91,VAFQAVIK,-inf,1.0
92,GLGGGYYLWNDATDK,-inf,1.0
93,VPLPPLTEER,-inf,1.0
94,LAATIAQLPDQIGAK,-inf,1.0
95,VDQLSNDVNAMR,-inf,1.0
96,LVIWINGDK,-inf,1.0
97,VAGDYLR,-inf,1.0
98,NFLVPQGKK,-inf,1.0
99,VAINEAIELAK,-inf,1.0
100,DYSSYPYQTVYVA,-inf,1.0
101,VAIANVLKK,-inf,1.0
102,GNNLTVSADLYK,-inf,1.0
103,GEGFQQAVAAHK,-inf,1.0
104,FLLQEVLEK,-inf,1.0
105,GVGEDISDGGNAISGAATK,-inf,1.0
106,VTIPGGANEYNAPTSEARR,-inf,1.0
107,AVGDSLEAQQYGIAFPK,-inf,1.0
108,SVGTQVDDGTLEVR,-inf,1.0
109,KDDGNTIMVVQK,-inf,1.0
110,GASAVPLVGR,-inf,1.0
111,EEPSSFASYGTWAR,-inf,1.0
112,LLDLAAPDIIVTK,-inf,1.0
113,IATMGSTGTSSTR,-inf,1.0
114,TLLAVEIK,-inf,1.0
115,GLDSSYTLILVDGK,-inf,1.0
116,AVAAGMNPMDLK,-inf,1.0
117,VITEPMLVLNTADNEQNVYK,-inf,1.0
118,INLLDDNQFTR,-inf,1.0
119,VINVINGK,-inf,1.0
120,AMQWMPISQK,-inf,1.0
121,TSHITVVVSDR,-inf,1.0
122,KADVVIGEILQAAK,-inf,1.0
123,GVGEDISDGGNAISGAATK,-inf,1.0
124,LGEHNIDVLEGNEQFINAAK,-inf,1.0
125,TTLPDSAHVASASTIPNR,-inf,1.0
126,VGFFNPIASEK,-inf,1.0
127,ILDATNNQLPQDR,-inf,1.0
128,IITHPNFNGNTLDNDIMLIK,-inf,1.0
129,ALMEYDESLR,-inf,1.0
130,AMQWGPISQK,-inf,1.0
131,IPVVSSPK,-inf,1.0
132,FWVESEK,-inf,1.0
133,TGQAVELFNQLPQELNDAQR,-inf,1.0
134,QATFEEMIAR,-inf,1.0
135,ISELSEGQIDTLR,-inf,1.0
136,GTNTVIVLPIGIGQLGK,-inf,1.0
137,LIDQATAEIVETAK,-inf,1.0
138,VSSPVSTMSACPDGK,-inf,1.0
139,VIELQGIAGTSAAR,-inf,1.0
140,SMQDPIADMLTR,-inf,1.0
141,SGEGLYFIDK,-inf,1.0
142,IAIVNMGSLFQQVAQK,-inf,1.0
143,ATMEGQLEVDK,-inf,1.0
144,DYSSYPYQTVYVA,-inf,1.0
145,TVINQVTYLPIASEVTDVNR,-inf,1.0
146,FIANGGAPAEK,-inf,1.0
147,VVYRPDINQGNYLTANDVSK,-inf,1.0
148,YQWQNYGAANENEWDGYR,-inf,1.0
149,VLADDPQAVADLSR,-inf,1.0
150,NQTTEQNIQLELQDDSGNTLNTGATK,-inf,1.0
151,MANQANIPVITLDRN,-inf,1.0
152,SAGTYVQIVAR,-inf,1.0
153,QTTTGVTGYVEDGYVQK,-inf,1.0
154,DAFLAILK,-inf,1.0
155,ADSVASALITQGVDASR,-inf,1.0
156,FSGNYGNMTEVSYQVAK,-inf,1.0
157,QNTFFVTNSGVQNR,-inf,1.0
158,APLPTPLP,-inf,1.0
159,NKPGVYTK,-inf,1.0
160,METELQAK,-inf,1.0
161,ADLTLVPVQQTAVPVQASGGATTTVPSTSP,-inf,1.0
162,VVNIASYQVSPNDVVSIR,-inf,1.0
163,SVVVLDGTEAER,-inf,1.0
164,FGGYAQSGTLAEITPDK,-inf,1.0
165,EGNAETVYFSTQR,-inf,1.0
166,DPLDNTYTR,-inf,1.0
167,VAINEAIELAVNISTVTR,-inf,1.0
168,FNAIGEAVK,-inf,1.0
169,NVATIEHLNPEDEAGLK,-inf,1.0
170,NQTTEQVFALVLFADSGNTLMTGATK,-inf,1.0
171,ALIAQEPLLGAK,-inf,1.0
172,DQLIAGVQDAFADK,-inf,1.0
173,TDGDQVQINNVNILGR,-inf,1.0
174,VANLGSLGDQVNVK,-inf,1.0
175,YAGHTASDEVFEK,-inf,1.0
176,LMDLGCYR,-inf,1.0
177,SIVVAIER,-inf,1.0
178,LYFEGELIDAATNKPVIK,-inf,1.0
179,KGDVIIGANQQAVK,-inf,1.0
180,NMAGSLVR,-inf,1.0
181,VALVGQSPVATLSAR,-inf,1.0
182,VSQALDILTYTNK,-inf,1.0
183,EQIIFPEIDYDK,-inf,1.0
184,DVVTQPQA,-inf,1.0
185,TGVSNTLFNEPK,-inf,1.0
186,LSDEVTDSPMVDK,-inf,1.0
187,VPLPALTEER,-inf,1.0
188,VYLQCFDADELK,-inf,1.0
189,EMQPVLAAMAVK,-inf,1.0
190,GEGVVQAVKAHK,-inf,1.0
191,DDEVIVLTGK,-inf,1.0
192,QMAWIPAIK,-inf,1.0
193,DMTCQEFIDLNPK,-inf,1.0
194,VSQALDILTYTNK,-inf,1.0
195,TINDYGALTPK,-inf,1.0
196,VMFTVLVEK,-inf,1.0
197,IAHWVGQGATISDR,-inf,1.0
198,QDLQALLGK,-inf,1.0
199,AEAAPAATGGGIPGMLPWPK,-inf,1.0
200,VAFTALVEK,-inf,1.0
201,KGDVIIGANQQAVK,-inf,1.0
202,AGVNGLFTDFPDK,-inf,1.0
203,IQLGPFASK,-inf,1.0
204,LYDQEFAAIVETAK,-inf,1.0
205,NAPPPTKPVETQTQSTVPDK,-inf,1.0
206,TIVVTNDRL,-inf,1.0
207,TSHITVVVSDR,-inf,1.0
208,GANWVGQGATIRD,-inf,1.0
209,GIYNHGSPLFMEIEPRK,-inf,1.0
210,ALDIRPPAQPLALVSGAR,-inf,1.0
211,NKPGVYTK,-inf,1.0
212,VIELQGIAGTSAAR,-inf,1.0
213,FGSELLAK,-inf,1.0
214,SDVMVVGFDGTPDGEK,-inf,1.0
215,YTNGGLTVTPGIGVQWNSENQNEYYYGVSR,-inf,1.0
216,STPFAGSVAGSEDYSER,-inf,1.0
217,SWTGLISTGITYK,-inf,1.0
218,QALELNEEQAR,-inf,1.0
219,DALPLDENAYR,-inf,1.0
220,VDRPTAECAAALDK,-inf,1.0
221,EEVPDNPPNEIYATAQQK,-inf,1.0
222,SGEGLYFIDK,-inf,1.0
223,YDSSATLDEMK,-inf,1.0
224,TIVSDGKPQTDNDTGMISYK,-inf,1.0
225,VTLDPLR,-inf,1.0
226,FGQGEAAPVVAPAPAPAPEVQTK,-inf,1.0
227,DIYPISAK,-inf,1.0
228,TIVSDGKPQTDNDTGMISYK,-inf,1.0
229,FWVESEK,-inf,1.0
230,LVAESGDSAQSR,-inf,1.0
231,LDALVSVAPIGNEAAK,-inf,1.0
232,LIGSDDQSDIALLQIQNPSK,-inf,1.0
233,STVLAPQTVVTR,-inf,1.0
234,DQFVQPVVK,-inf,1.0
235,KDDGNTIMVVQK,-inf,1.0
236,YSGFLNNYSDLK,-inf,1.0
237,NPGESVSYTTSTEDNVR,-inf,1.0
238,DMTCQEFIDLNPK,-inf,1.0
239,LNEVMVK,-inf,1.0
240,QTTTPGTGYVEDGYDQR,-inf,1.0
241,VSQALDILTYTNK,-inf,1.0
242,AEEAGVDLVEISPNAEPPVCR,-inf,1.0
243,ILADIAVFDK,-inf,1.0
244,SAQGTAGPDFR,-inf,1.0
245,VGVSGTLVNEVGR,-inf,1.0
246,VLYEMDGVPEELAR,-inf,1.0
247,AVLEVAGVHNVLAK,-inf,1.0
248,ILLINPTDSDAVGNAVK,-inf,1.0
249,NDQSPLDGEISDR,-inf,1.0
250,TAAQEGAVYIGNGAL,-inf,1.0
251,LPIVVYTPDNVDVK,-inf,1.0
252,LTLMSDDLTNVTVK,-inf,1.0
253,SVDVGTWIAGVGYR,-inf,1.0
254,GQIQENQYQLNQVVER,-inf,1.0
255,DYPLSPELEALYGP,-inf,1.0
256,SGNANTDVNAAIALVQDK,-inf,1.0
257,QAITQLEALDNR,-inf,1.0
258,EFADNLDSDFK,-inf,1.0
259,NDTYLEQEAFAK,-inf,1.0
260,SQPAVDNQPGLYVGQQAR,-inf,1.0
261,AYTETQR,-inf,1.0
262,EGALIDNTAVQLNAATAK,-inf,1.0
263,NLTLQEGQYGQVK,-inf,1.0
264,VVLASNGSQVTVSPR,-inf,1.0
265,VVYRPDINQGNYLTANDVSK,-inf,1.0
266,VEYGAYGLK,-inf,1.0
267,SLDLDSIIAEVAK,-inf,1.0
268,VYVEGAWNR,-inf,1.0
269,NLTSQMVEYGQVK,-inf,1.0
270,QIVLNCGEEPSVVANTVK,-inf,1.0
271,DGAYDLVVPSTYYVDK,-inf,1.0
272,AFITELATGQGINDVPVNYK,-inf,1.0
273,ANLTAQINK,-inf,1.0
274,AVIVIMGDDPK,-inf,1.0
275,SILSELVR,-inf,1.0
276,APVVVPAGVDVK,-inf,1.0
277,YTAAITGAEGGL,-inf,1.0
278,VEGDTKPELELTLK,-inf,1.0
279,INLLDDNQFTR,-inf,1.0
280,SGPCVEGGPDNVAQQFYDYR,-inf,1.0
281,NADLPLAQAAIDR,-inf,1.0
282,YSGLGASVIVDEDK,-inf,1.0
283,KVPQVSTPTLVEVSR,-inf,1.0
284,SIVVAIER,-inf,1.0
285,ASDMGGDLTNVYAK,-inf,1.0
286,QGVDADINGLR,-inf,1.0
287,EVPAAIQK,-inf,1.0
288,GEGFVAAVKAHK,-inf,1.0
289,SDEEQTSTTTDTPATPARR,-inf,1.0
290,NIGIYPEIK,-inf,1.0
291,GQNEVQGVVINK,-inf,1.0
292,EFYEKPTTER,-inf,1.0
293,ALVSPEAIESLIVTK,-inf,1.0
294,LVADLIR,-inf,1.0
295,IYADVNGGLDPVDFR,-inf,1.0
296,WTLEGIETR,-inf,1.0
297,NDTYLEYEAFAK,-inf,1.0
298,LINAPVTLR,-inf,1.0
299,FENMGAQMVK,-inf,1.0
300,IFSSAAYNAGPGR,-inf,1.0
301,QGNLVAILAEAQTK,-inf,1.0
302,VAFQAVIK,-inf,1.0
303,GDQSPLDVNISDR,-inf,1.0
304,VLAPDPQAVADLSR,-inf,1.0
305,TGQAVELFNQLPQELNDAQR,-inf,1.0
306,NIGIYPEIK,-inf,1.0
307,SLATAAGAVAGGVAGQGVQSAMNK,-inf,1.0
308,LALDLLEQIK,-inf,1.0
309,NQYYGITAGPAYR,-inf,1.0
310,GNNLTYSSDLYR,-inf,1.0
311,ILNYTNTEMK,-inf,1.0
312,IVELEAPQLPR,-inf,1.0
313,TQGLGPANPIASNSTAEGK,-inf,1.0
314,DITADVLK,-inf,1.0
315,GIWNHGSPLFMEIEPR,-inf,1.0
316,FVLESVNGKPVTSDK,-inf,1.0
317,IEPGELYNGTK,-inf,1.0
318,GVAEDQISIVSYGQSTVADK,-inf,1.0
319,LVADSITSQLER,-inf,1.0
320,VAVTAPPR,-inf,1.0
321,YIEVHNPLSTTEAQFEGQEIVPITLTK,-inf,1.0
322,DAQSALTVSETTFGR,-inf,1.0
323,TQGLGPANPIASNSTAEGK,-inf,1.0
324,IVQVPFAELVK,-inf,1.0
325,SLEQYFGR,-inf,1.0
326,GVTPDIIMPTGNEETETGEK,-inf,1.0
327,SDASVPGADIELVDER,-inf,1.0
328,FNSSLSEDGQGPR,-inf,1.0
329,NYTITQR,-inf,1.0
330,ELANVQDLTVR,-inf,1.0
331,VQLLADAAR,-inf,1.0
332,AAAFEGELIPASQIDR,-inf,1.0
333,TATGGEFNTGTLSSTINLADTPNPYTLGST,-inf,1.0
334,FNQIGSLTETLAAIK,-inf,1.0
335,DYDTDVYPVPVINYEGDNFWFR,-inf,1.0
336,DAFLAILK,-inf,1.0
337,AAAFEGELIPASQIDR,-inf,1.0
338,GAEQIAEPVSILK,-inf,1.0
339,FAETQASK,-inf,1.0
340,YEYVVAEPLNEDAK,-inf,1.0
341,ALDIRPPAQPLALVSGAR,-inf,1.0
342,ASTTMDVQSAADDTGLPMLVVR,-inf,1.0
343,AEMSEYLFDK,-inf,1.0
344,TGAALTLDGATFSSETTLNNGTNTIPFQAR,-inf,1.0
345,MQAASGQLQQSHLLK,-inf,1.0
346,QTTDGMTGYNEPGYDAR,-inf,1.0
347,TQFTGDTASLLVENGR,-inf,1.0
348,VDQLSNDVNAMR,-inf,1.0
349,DGSVVVLGYTDR,-inf,1.0
350,GTNLTYSADLK,-inf,1.0
351,NGGVAGNTTVNQK,-inf,1.0
352,IEQAPGQHGAGPR,-inf,1.0
353,GQNEDQNVGIK,-inf,1.0
354,INEGPYQFESEGK,-inf,1.0
355,MSLVNITPDADGTTLTLR,-inf,1.0
356,GDALEMLDR,-inf,1.0
357,VSGPGGMTELIYLTSEARKR,-inf,1.0
358,IEVSFNAAVATMNK,-inf,1.0
359,AEAAPAATGGGIPGMLPWPK,-inf,1.0
360,EQTDTVYNSK,-inf,1.0
361,SIDPGLFDQLYR,-inf,1.0
362,YWHDGGQWNDDAELNFGNGNFNVR,-inf,1.0
363,GVGEDISDGGNAISGAATK,-inf,1.0
364,LPIYTNDSEALTDYLVNGVK,-inf,1.0
365,LEVVVNER,-inf,1.0
366,METDLLAK,-inf,1.0
367,VYAAIEAGDK,-inf,1.0
368,IEGVPESNISE,-inf,1.0
369,VTIPGSDNEYYK,-inf,1.0
370,GNTSLYDHNNNTSDYSK,-inf,1.0
371,ISNVPGNGKR,-inf,1.0
372,SLEQYFGR,-inf,1.0
373,EDTPAIR,-inf,1.0
374,IFVEPGNGK,-inf,1.0
375,LALDGDLIR,-inf,1.0
376,GGWTVIQNR,-inf,1.0
377,FSLGAGVGVVEHPYK,-inf,1.0
378,LNDVMAK,-inf,1.0
379,GNGQPDIQNGLK,-inf,1.0
380,TGVSNTLENEFK,-inf,1.0
381,AVYQQVISK,-inf,1.0
382,DLSVPQVNVGK,-inf,1.0
383,TLEGQVYDYYVFIK,-inf,1.0
384,FGSELLAK,-inf,1.0
385,TLYPDAETIK,-inf,1.0
386,GNTGENLLALLEGR,-inf,1.0
387,LGEHNIEVLEGNEQFINAAK,-inf,1.0
388,TQGGGQVIKAK,-inf,1.0
389,VTILGPAPQAAR,-inf,1.0
390,IYNELERGAENK,-inf,1.0
391,GDEGLNDVDATLK,-inf,1.0
392,NAPPPTKPVETQTQSTVPDK,-inf,1.0
393,YEYSVAEYYTER,-inf,1.0
394,STPFAAQVAAER,-inf,1.0
395,VATVSLPR,-inf,1.0
396,GVSADQISIVSYGQSTGPAK,-inf,1.0
397,GASYIELPNEIK,-inf,1.0
398,IAIVNMGSLFQQVAQK,-inf,1.0
399,GNNLTVSADLYK,-inf,1.0
400,LSDLVTDDPMDDRR,-inf,1.0
401,IVDEQPGAECQLIGTATGK,-inf,1.0
402,IEDSASVALAWVNKGK,-inf,1.0
403,LFNELGPR,-inf,1.0
404,LPEYTPDVNQLYDALYNK,-inf,1.0
405,GQNEVQGVVINK,-inf,1.0
406,TTVTSGGLQ,-inf,1.0
407,TASVTPSSAVPK,-inf,1.0
408,IAYVVQTNGGQFPYELR,-inf,1.0
409,SLEQYFGQK,-inf,1.0
410,EFADNLDSDFK,-inf,1.0
411,GQPAVGPETK,-inf,1.0
412,YAGHTASDEVFEK,-inf,1.0
413,LALDGDLIR,-inf,1.0
414,LAYVTFESGR,-inf,1.0
415,IFVDEGPSMK,-inf,1.0
416,MANQANIPVITLDR,-inf,1.0
417,GASGYLPEHTLPAK,-inf,1.0
418,QFNNIGATEPVVPFR,-inf,1.0
419,AYDNAPGAYSELVDR,-inf,1.0
420,NYITESQQALDKK,-inf,1.0
421,VATEGSEAFGMVVVTETTR,-inf,1.0
422,FMVANNAELER,-inf,1.0
423,DLNNESTPMAFENIK,-inf,1.0
424,VLENALVPPMGESTVK,-inf,1.0
425,DLSSNTQPLTGTNTGGAIDGVSTTDR,-inf,1.0
426,DALPLMENAYR,-inf,1.0
427,DPQLQVVTNK,-inf,1.0
428,YAGHTASDEVFEK,-inf,1.0
429,IEPGELYNGTK,-inf,1.0
430,YWHDGGQWNDDAELNFGNGNFNVR,-inf,1.0
431,VGVSNGQLDEVLK,-inf,1.0
432,GYLAEEGGR,-inf,1.0
433,VGAETEVSRK,-inf,1.0
434,SSLQFIDPK,-inf,1.0
435,SLATAAAAVANGVGGQGVQSAMNK,-inf,1.0
436,VVEPLITLAK,-inf,1.0
437,IATMGSTDAASVR,-inf,1.0
438,DLSSNTQALTGTNTGGAIDGVSTTDR,-inf,1.0
439,MQQLDSIISAK,-inf,1.0
440,YSGFLNNYSDLK,-inf,1.0
441,GVGEDISDGGNAISGAATK,-inf,1.0
442,LQLVGVGYR,-inf,1.0
443,VVYRPDINQGNYLTANDVSK,-inf,1.0
444,ADSVASALITQGVDASR,-inf,1.0
445,TQFTGDTASLLVENGR,-inf,1.0
446,YNYLINQLNIK,-inf,1.0
447,VPGSPDQVDVVYK,-inf,1.0
448,KDDGNTIMVVQK,-inf,1.0
449,VEPPPNAGLTANSSQTATTKQIRR,-inf,1.0
450,DTVEIQGEVDK,-inf,1.0
451,LSDEVTDSPMVDK,-inf,1.0
452,IAATMENAQK,-inf,1.0
453,VDQLSNDVNAMR,-inf,1.0
454,LYGPTVQSAK,-inf,1.0
455,YSGSSYPFPTTSETPR,-inf,1.0
456,SATDAANAAQNR,-inf,1.0
457,AIISDVNASDEDR,-inf,1.0
458,GIDGLTAQLK,-inf,1.0
459,QTTMGSTYYNEPGYDLRK,-inf,1.0
460,SVGTSVDDITLEVR,-inf,1.0
461,EMFIAEVIK,-inf,1.0
462,QAITQLEALDNR,-inf,1.0
463,EIEAAYNELK,-inf,1.0
464,TIVVSNTR,-inf,1.0
465,TTVTSGGLQR,-inf,1.0
466,AGVADTSTEEGLK,-inf,1.0
467,TLSSADTPLTLADTIGVIPGVSTQSR,-inf,1.0
468,AATYEPITGK,-inf,1.0
469,DQGVVVNNVK,-inf,1.0
470,NHDTGVSPVFAGGVEYAITPEIATR,-inf,1.0
471,AAAVFDNTEFR,-inf,1.0
